,ID,ComponentSolute,ComponentSolvent,x1,StandardDeviation,x2,Pressure,VapourPressure2,Type,Temperature,Reference,x_CPA_fitted,dev_fitted
10,156,methane,water,1.4819e-05,1.48e-07,0.999985181,1.0,1,VLE,343.15,Perry1998,9.815380161465869e-06,-33.76489532717546
17,163,methane,water,2.9637e-05,2.96e-07,0.999970363,2.0,2,VLE,343.15,Perry1998,2.3951253138918716e-05,-19.18462348105842
24,170,methane,water,7.4093e-05,7.41e-07,0.999925907,5.0,5,VLE,343.15,Perry1998,6.597256524776016e-05,-10.959786690024476
31,177,methane,water,0.000148187,1.482e-06,0.999851813,10.0,10,VLE,343.15,Perry1998,0.00013473733265969805,-9.07614523561578
38,184,methane,water,0.000296373,2.964e-06,0.999703627,20.0,20,VLE,343.15,Perry1998,0.00026762795648825247,-9.698941371767177
45,191,methane,water,0.000740933,7.409e-06,0.999259067,50.0,50,VLE,343.15,Perry1998,0.0006316801086334395,-14.745313188447609
52,198,methane,water,0.001481867,1.4819e-05,0.998518133,100.0,100,VLE,343.15,Perry1998,0.0011389928717065688,-23.13798257829017
